location,job_count
Aarhus,1
Oakville,1
Palaiseau,1
Overland Park,1
Ottawa,1
Oslo,1
Ontario,1
Omaha,1
O'Fallon,1
Palta Cyprus,1
Nottingham,1
North Sydney,1
North Reading,1
North Macedonia,1
Norfolk,1
Newcastle upon Tyne,1
Palo Alto,1
Papendrecht,1
Renningen,1
Portugal,1
Redwood City,1
Raleigh,1
Pyrmont,1
Pune,1
Princeton,1
Poznań,1
Porto,1
Paris,1
Portland,1
Poland,1
Pittsburgh,1
Philadelphia,1
Petaling Jaya,1
Petach Tikva,1
Newbury,1
New York City; San Francisco,1
New York City - Boston,1
Medellín,1
Milwaukee,1
Milan,1
Midrand,1
Mexico City,1
Mexico,1
Melbourne,1
Mechelen,1
New York City,1
Massy - France,1
Marousi,1
Markham,1
Manila,1
Mandaluyong,1
Malvern,1
Minato City,1
Minneapolis,1
Modena,1
Monterrey,1
Montreal,1
Montréal,1
Morrisville,1
Mount Laurel Township,1
Mountain View,1
Mumbai,1
Munich,1
Muntinlupa,1
Málaga,1
NAMER,1
Nairobi,1
Nanterre,1
New York,1
Reigate,1
Reno,1
Aberdeen,1
Toulouse,1
Utrecht,1
United States,1
USA,1
US east coast,1
UK,1
Tunis,1
Toronto,1
Vancouver,1
Tel-Aviv,1
Tel Aviv-Yafo,1
Tel Aviv,1
Tampere,1
Tampa,1
Taipei,1
Valencia,1
Vero Beach,1
Research Triangle Park,1
Westminster,1
České Budějovice,1
tel aviv,1
Zurich,1
Wrocław,1
Wilmington,1
Wien,1
West Point,1
Vienna,1
West Palm Beach,1
West Jakarta,1
Washington,1
Warszawa,1
Warsaw,1
Walnut Creek,1
São Paulo,1
Sydney,1
Sunnyvale,1
Salt Lake City,1
Santa Clara,1
Sandton,1
San Mateo,1
San Jose,1
San Francisco,1
San Diego,1
Saint-Sauveur,1
Suitland-Silver Hill,1
Saint-Herblain,1
Saint-Denis,1
Roppongi,1
Riga,1
Richmond,1
Richardson,1
Santiago,1
Santiago de Querétaro,1
Sarasota,1
Seattle,1
Sector 62,1
Seoul,1
Singapore,1
Sofia,1
Solna,1
Somerville,1
South Jakarta,1
Southfield,1
Stamford,1
Stanford,1
Stevenage,1
Stockholm,1
Stuttgart,1
Malmö,1
Malaysia - Kuala Lumpur,1
Makati,1
Budapest,1
Calabasas,1
Cairo,1
Bühl,1
Burnaby,1
Bukit Jalil,1
Buenos Aires,1
Bucharest,1
Cambridge,1
Brussels,1
Brooklyn,1
Brazil,1
Brampton,1
Bracknell,1
Bourdeaux,1
California,1
Campinas,1
Madrid,1
Chelmsford,1
Cluj,1
Ciudad de México,1
Cincinnati,1
Chicago,1
Chiasso,1
Chennai,1
Charlotte,1
Canada,1
Charenton-Le-Pont,1
Chantilly,1
Casa Grande,1
Cartagena,1
Carquefou,1
Cape Town,1
Boulogne-Billancourt,1
Boulder,1
Boston,1
Asia,1
Aventura,1
Australia,1
Austin,1
Atlanta,1
Athina,1
Athens,1
Arlington,1
Bordeaux,1
Antwerp,1
Ann Arbor,1
Angeles,1
Amsterdam,1
Ahmedabad,1
Abu Dhabi,1
Baar,1
Ballerup,1
Bang Kapi District,1
BangPa-in,1
Bangkok,1
Barcelona,1
Basel,1
Beaverton,1
Belfast,1
Belgrade,1
Belo Horizonte,1
Bengaluru,1
Berchem,1
Berkeley,1
Berlin,1
Bogota,1
Bogotá,1
Colorado Springs,1
Copenhagen,1
Cork,1
Kampala,1
Kyiv,1
Kusterdingen,1
Kraków,1
Kirkland,1
Kingston,1
Katowice,1
Jealott's Hill,1
Houston,1
Jakarta,1
Irving,1
Indianapolis,1
India - Bengaluru,1
India,1
Iași,1
København,1
La Libertad,1
Las Vegas,1
Lausanne,1
Lexington,1
Lille,1
Lisboa,1
Lisbon,1
Lithuania | UK,1
Liverpool,1
London,1
Longueuil,1
Los Angeles,1
Los Gatos,1
Luxembourg,1
Lyon,1
Lüneburg,1
Hyderabad,1
Hong Kong,1
Dallas,1
East Windsor,1
Europe,1
Enkhuizen,1
Englewood Cliffs,1
Englewood,1
England,1
Emeryville,1
Düsseldorf,1
Homestead,1
Dublin,1
Dubai,1
Downers Grove,1
Denver,1
Delhi,1
Dayton,1
Flexible,1
Fort Belvoir,1
Fort Bragg,1
Fremont,1
Genève,1
Glasgow,1
Glattbrugg,1
Gothenburg,1
Granada,1
Greenville,1
Hamburg,1
Hanoi,1
Helsinki,1
Heredia,1
Herndon,1
High Wycombe,1
Ho Chi Minh City,1
İstanbul,1
